,Rank,Collection
0,1,MechMindslAI
1,2,CrypToadz by GREMPLIN
2,3,Opensea Edition
3,4,Chromie Squiggle by Snowfro
4,5,SuperRare
5,6,Fidenza by Tyler Hobbs
6,7,Bored Ape Chemistry Club
7,8,Checks - VV Edition
8,9,RENGA
9,10,My Curio Cards
10,11,RTFKT - CloneX Mintvial
11,12,Creature World
12,13,Deadfellaz
13,14,Ringers by Dmitri Cherniak
14,15,LOSTPOETS
15,16,SuperNormal
16,17,Terraforms by Mathcastles
17,18,Damien Hirst - The Currency
18,19,PUNKS Comic
19,20,Checks - VV Originals
20,21,Adam Bomb Squad
21,22,The Memes by 6529
22,23,10KTF Stockroom
23,24,OnChainMonkey
24,25,Autoglyphs
25,26,Doolplicator
26,27,Meridian by Matt DesLauriers
27,28,Friendship Bracelets by Alexis Andre
28,29,10KTF
29,30,FULL SEND METACARD NFT
30,31,MakersPlace
31,32,Galaxy-Eggs
32,33,Rug Radio - Genesis NFT
33,34,Fragments of an Infinite Field by Monica Rizzolli
34,35,Archetype by Kjetil Golid
35,36,The Art of Seasons
36,37,Pudgy Rods
37,38,RENGA Black Box
38,39,FVCK_CRYSTAL//
39,40,QQL Mint Pass
40,41,Bitmap
41,42,Tom Sachs: Rocket Factory - Completed Components
42,43,Gutter Juice
43,44,Geometry Runners by Rich Lord
44,45,ASM Brains
45,46,mcgoblin.wtf
46,47,TIMEPieces Build a Better Future - Chapter 1
47,48,RTFKT x Nike Dunk Genesis CRYPTOKICKS
48,49,KnowOrigin
49,50,Winds of Yawanawa by Yawanawa Nation
50,51,XCOPY editions 2019-2022
51,52,Gazers by Matt Kane
52,53,BASTARD GAN PUNKS V2
53,54,GNSS by MGXS
54,55,phase by Loren Bednar
55,56,MAX PAIN AND FREN$ BY XCOPY
56,57,The GODA Mint Pass
57,58,Pigments by Darien Brito
58,59,Skulptuur by Piter Pasma
59,60,Deafbeef
60,61,Chimpers Chronicles
61,62,Subscapes by Matt DesLauriers
62,63,Gemesies
63,64,RTFKT SKIN VIAL: EVO X
64,65,Genesis Box
65,66,The Girls of Armament: GENE_SIS
66,67,Ecumenopolis by Joshua Bagley
67,68,RTFKT Clone X Forging SZN 1 (PR)
68,69,BEEPLE: EVERYDAYS - THE 2020 COLLECTION
69,70,Ecdysis by Ben Kovach
70,71,Anticyclone by William Mapan
71,72,RTFKT P0dX
72,73,CryptoArte
73,74,sail-o-bots by stuerc
74,75,byteGANs
75,76,FLUF World: Thingies
76,77,LetsWalk
77,78,HUXLEY Comics
78,79,Memories of Qilin by Emily Xie
79,80,Singularity by Hideki Tsukamoto
80,81,Women and Weapons
81,82,MERGE
82,83,lil poop it nft
83,84,Proceed w/ Caution
84,85,Avid Lines
85,86,Rinascente by Stefano Contiero
86,87,Thingdoms
87,88,Meme Ltd.
88,89,Ghost Boy
89,90,Eponym by ART AI
90,91,The Wanderers
91,92,Finiliar
92,93,MidnightBreeze
93,94,Playing Arts Crypto Edition
94,95,GNSS Art by MGXS
95,96,OCM Karma
96,97,Elevated Deconstructions by luxpris
97,98,Seizon
98,99,Alien Insects by Shvembldr
