,Rank,Collection
0,1,Bored Ape Yacht Club
1,2,CryptoPunks
2,3,Mutant Ape Yacht Club
3,4,Azuki
4,5,CLONE X - X TAKASHI MURAKAMI
5,6,Wrapped Cryptopunks
6,7,Moonbirds
7,8,Doodles Original Collection
8,9,Bored Ape Kennel Club
9,10,Pudgy Penguins
10,11,Meebits
11,12,BEANZ Official
12,13,Cool Cats
13,14,Milady Maker
14,15,ON1 Force
15,16,World of Women
16,17,The Captainz
17,18,mfers
18,19,VeeFriends
19,20,goblintown.wtf
20,21,HAPE PRIME
21,22,Invisible Friends
22,23,MekaVerse
23,24,Murakami.Flower Seed
24,25,The Potatoz
25,26,FLUF World
26,27,PXN: Ghost Division
27,28,Karafuru
28,29,Nakamigos
29,30,Creepz by OVERLORD
30,31,Hashmasks
31,32,Moonbirds Oddities
32,33,CryptoPunks V1 (wrapped)
33,34,CyberBrokers
34,35,3Landers
35,36,PhantaBear
36,37,CyberKongz VX
37,38,rektguy
38,39,Lil Pudgys
39,40,VeeFriends Series 2
40,41,Sappy Seals
41,42,Kaiju Kingz
42,43,Lazy Lions
43,44,World of Women Galaxy
44,45,MetaHero: MintPass
45,46,Cool Pets NFT
46,47,alien frens
47,48,Prime Ape Planet PAP
48,49,The Doge Pound
49,50,DigiDaigaku Genesis
50,51,CyberKongz 
51,52,Gutter Cat Gang
52,53,Murakami.Flowers Official
53,54,Coolman's Universe
54,55,DEGEN TOONZ
55,56,Capsule House
56,57,KILLABEARS
57,58,SupDucks
58,59,Nouns
59,60,Lives of Asuna
60,61,Sneaky Vampire Syndicate
61,62,CryptoSkullz
62,63,Redacted Remilio Babies
63,64,Chimpers
64,65,MoonCats
65,66,Killer GF
66,67,The Weirdo Ghost Gang
67,68,Muri by Fabrik
68,69,a KID called BEAST
69,70,MetaHero: Generative Identities
70,71,Quirkies Original
71,72,Kanpai Pandas
72,73,JUNGLE FREAKS GENESIS
73,74,Bears Deluxe
74,75,Lil' Heroes by Edgar Plans
75,76,tubby cats
76,77,Galactice Apes
77,78,Forgotten Runes Wizards Cult
78,79,CryptoBatz by Ozzy Osbourne
79,80,IO: Imaginary Ones
80,81,MutatnCats
81,82,CryptoDickButts
82,83,KPR
83,84,Boss Beauties
84,85,THE SHIBOSHIS
85,86,Anonymice
86,87,Genuine Undead
87,88,Robotos
88,89,KIWANI Genesis
89,90,Akutars
90,91,HYPEBEARSCLUB.OFFICIAL
91,92,The Saudis
92,93,RaidParty Fighters
93,94,Moonrunners Official
94,95,Rare Apepes
95,96,WonderPals
96,97,C-01 Official Collection
97,98,ZombieClub Token
98,99,Chain Runners
99,100,Crypto.Chicks